# TYPE|ID|...
NODE|E_BROWSER|EXTERNAL_ENTITY|UNTRUSTED_CLIENT
NODE|P_PUBLIC_API|PROCESS|APP
NODE|P_WORK_ORDER|PROCESS|APP
NODE|D_POSTGRES|DATA_STORE|DATA
NODE|E_NOTIFICATION|EXTERNAL_ENTITY|THIRD_PARTY
FLOW|F_CREATE_REQUEST|E_BROWSER|P_PUBLIC_API|CONFIDENTIAL|UNTRUSTED_INPUT|TB_CLIENT_APP
FLOW|F_VALIDATED_COMMAND|P_PUBLIC_API|P_WORK_ORDER|INTERNAL|VALIDATED_INTERNAL|NONE
FLOW|F_WORK_ORDER_WRITE|P_WORK_ORDER|D_POSTGRES|CONFIDENTIAL|PRIVILEGED_DATA|TB_APP_DATA
FLOW|F_NOTIFY|P_WORK_ORDER|E_NOTIFICATION|MINIMIZED|THIRD_PARTY_EGRESS|TB_APP_VENDOR
ACTOR|ANONYMOUS
ACTOR|LOW_PRIVILEGE_MEMBER
ACTOR|ADMIN
ACTOR|INSIDER
ACTOR|COMPROMISED_VENDOR
THREAT|T_SPOOF|S|F_CREATE_REQUEST|AUTH_BYPASS|ANONYMOUS|C_AUTHN|V_AUTHN
THREAT|T_TAMPER|T|F_CREATE_REQUEST|TAMPERING|LOW_PRIVILEGE_MEMBER|C_INPUT_STATE|V_TAMPER
THREAT|T_REPUDIATE|R|F_VALIDATED_COMMAND|ADMIN_ABUSE|ADMIN|C_AUDIT|V_AUDIT
THREAT|T_DISCLOSE|I|F_NOTIFY|DISCLOSURE|COMPROMISED_VENDOR|C_MINIMIZE|V_DISCLOSE
THREAT|T_DOS|D|F_CREATE_REQUEST|RESOURCE_EXHAUSTION|ANONYMOUS|C_BOUNDS|V_DOS
THREAT|T_ELEVATE|E|F_WORK_ORDER_WRITE|AUTHORIZATION_BYPASS|LOW_PRIVILEGE_MEMBER|C_TENANT_SCOPE|V_AUTHZ
CONTROL|C_AUTHN|T_SPOOF
CONTROL|C_INPUT_STATE|T_TAMPER
CONTROL|C_AUDIT|T_REPUDIATE
CONTROL|C_MINIMIZE|T_DISCLOSE
CONTROL|C_BOUNDS|T_DOS
CONTROL|C_TENANT_SCOPE|T_ELEVATE
VALIDATION|V_AUTHN|T_SPOOF
VALIDATION|V_TAMPER|T_TAMPER
VALIDATION|V_AUDIT|T_REPUDIATE
VALIDATION|V_DISCLOSE|T_DISCLOSE
VALIDATION|V_DOS|T_DOS
VALIDATION|V_AUTHZ|T_ELEVATE
