sample_id,title,company,city,salary_min_k,salary_max_k,salary_period,experience,education,industry,role_cluster,skills_raw,source_site,source_url,published_or_updated,retrieved_at,evidence_quality,notes
NC-20260711-001,全栈工程师,南昌骏扬实业有限公司,南昌,6,10,month_13,3-5年,本科,互联网电商,Vue3/uni-app前端,前端开发|后端开发,智联招聘,https://www.zhaopin.com/jobdetail/CCL1467784480J40931087508.htm,2026-07-11 01:23:53,2026-07-11T12:53:49+08:00,official_structured_search_listing,salary_raw=6000-10000元·13薪; matched_query=全栈开发|前端开发; zhaopin_job_number=CCL1467784480J40931087508; official structured search-card fields; full JD not independently opened
NC-20260711-002,前端开发-2027届实习生,深圳市科皓信息技术有限公司,南昌,,,day,经验不限,本科,软件/IT服务,Vue3/uni-app前端,Vue|HTML5|CSS|JavaScript,智联招聘,https://www.zhaopin.com/jobdetail/CC120081560J40862823601.htm,2026-07-11 01:02:50,2026-07-11T12:53:49+08:00,official_structured_search_listing,salary_raw=120-150元/天; matched_query=Vue|前端开发; zhaopin_job_number=CC120081560J40862823601; official structured search-card fields; full JD not independently opened
NC-20260711-003,初级web前端助理,江西尔鸿网络科技有限公司,南昌,6,10,month,经验不限,大专,产业互联网平台,Vue3/uni-app前端,CSS|JavaScript|HTML5|Vue|React|前端系统开发|跨部门协作|前端性能优化,智联招聘,https://www.zhaopin.com/jobdetail/CCL1307781140J40821965605.htm,2026-07-11 00:00:00,2026-07-11T12:53:49+08:00,official_structured_search_listing,salary_raw=6000-10000元; matched_query=Vue|前端开发; zhaopin_job_number=CCL1307781140J40821965605; official structured search-card fields; full JD not independently opened
NC-20260711-004,前端开发技术员/五险一金,广州市锦顺人力资源有限公司,南昌,8,10,month,经验不限,本科,人力资源,Vue3/uni-app前端,CSS|JavaScript|HTML5|Vue|React|Angular|Echarts|HR系统前端开发|数据可视化工具开发|跨团队协作,智联招聘,https://www.zhaopin.com/jobdetail/CCL1485616120J40830218416.htm,2026-07-10 11:22:20,2026-07-11T12:53:49+08:00,official_structured_search_listing,salary_raw=8000-10000元; matched_query=Vue|前端开发; zhaopin_job_number=CCL1485616120J40830218416; official structured search-card fields; full JD not independently opened
NC-20260711-005,web工程师前端,江西晟裕网络科技有限公司,南昌,6,11,month,经验不限,大专,软件/IT服务,Vue3/uni-app前端,HTML5|CSS|JavaScript|前端应用开发|跨部门合作|产品迭代优化,智联招聘,https://www.zhaopin.com/jobdetail/CCL1285848370J40923341308.htm,2026-07-10 01:23:26,2026-07-11T12:53:49+08:00,official_structured_search_listing,salary_raw=6000-11000元; matched_query=Vue|前端开发; zhaopin_job_number=CCL1285848370J40923341308; official structured search-card fields; full JD not independently opened
NC-20260711-006,移动web前端开发工程师,南昌胖达科技有限公司,南昌,7,13,month,经验不限,大专,产业互联网平台,Vue3/uni-app前端,CSS|JavaScript|HTML5|React|Angular|响应式设计|前端性能优化|跨浏览器兼容性处理,智联招聘,https://www.zhaopin.com/jobdetail/CCL1503954450J40803400302.htm,2026-07-10 01:03:08,2026-07-11T12:53:49+08:00,official_structured_search_listing,salary_raw=7000-13000元; matched_query=Vue|前端开发; zhaopin_job_number=CCL1503954450J40803400302; official structured search-card fields; full JD not independently opened
NC-20260711-007,【南昌】Web前端开发工程师,深圳亿维锐创科技股份有限公司,南昌,8,12,month,3-5年,本科,软件/IT服务,Vue3/uni-app前端,CSS|React|Vue|GIS/地图项目|大屏/可视化项目|Three.js,智联招聘,https://www.zhaopin.com/jobdetail/CC162744910J40578586708.htm,2026-07-09 01:22:52,2026-07-11T12:53:49+08:00,official_structured_search_listing,salary_raw=8000-12000元; matched_query=Vue|前端开发; zhaopin_job_number=CC162744910J40578586708; official structured search-card fields; full JD not independently opened
NC-20260711-008,数字前端工程师,宏源豪实业(深圳)有限公司,南昌,9,12,month_13,1-3年,本科,人工智能,Vue3/uni-app前端,本科,智联招聘,https://www.zhaopin.com/jobdetail/CC832070960J40776814506.htm,2026-07-09 01:18:33,2026-07-11T12:53:49+08:00,official_structured_search_listing,salary_raw=9000-12000元·13薪; matched_query=前端开发; zhaopin_job_number=CC832070960J40776814506; official structured search-card fields; full JD not independently opened
NC-20260711-009,web前端开发,南昌玢耀信息技术有限公司,南昌,5,10,month,1年以下,大专,财务/审计/税务,Vue3/uni-app前端,HTML5|CSS|JavaScript|Vue|React|Angular|财务系统前端开发|跨设备兼容性优化|前端技术栈迭代,智联招聘,https://www.zhaopin.com/jobdetail/CCL1468722750J40679597102.htm,2026-07-09 01:03:38,2026-07-11T12:53:49+08:00,official_structured_search_listing,salary_raw=5000-10000元; matched_query=Vue|前端开发; zhaopin_job_number=CCL1468722750J40679597102; official structured search-card fields; full JD not independently opened
NC-20260711-010,高级前端开发工程师,江西三叉数信息科技有限公司,南昌,8,10,month,5-10年,本科,软件/IT服务,Vue3/uni-app前端,Vue,智联招聘,https://www.zhaopin.com/jobdetail/CC432115780J40797916303.htm,2026-07-08 01:06:36,2026-07-11T12:53:49+08:00,official_structured_search_listing,salary_raw=8000-10000元; matched_query=Vue|前端开发; zhaopin_job_number=CC432115780J40797916303; official structured search-card fields; full JD not independently opened
NC-20260711-011,前端工程师（数字孪生）,广东有象工程勘察设计咨询有限公司,南昌,13,26,month,经验不限,大专,建筑/土木/市政设计,Vue3/uni-app前端,大屏/可视化项目|数字孪生|智慧水利|HTML5|JavaScript|Vue|uni-app|CSS|Three.js|Unity3D|Cesium|3D可视化,智联招聘,https://www.zhaopin.com/jobdetail/CCL1237730120J40898273402.htm,2026-07-07 01:03:39,2026-07-11T12:53:49+08:00,official_structured_search_listing,salary_raw=1.3-2.6万; matched_query=Vue|uni-app|前端开发; zhaopin_job_number=CCL1237730120J40898273402; official structured search-card fields; full JD not independently opened
NC-20260711-012,前端工程师,江西软件职业技术大学,南昌,6,10,month,1-3年,本科,学校/学历教育,Vue3/uni-app前端,前端工程师,智联招聘,https://www.zhaopin.com/jobdetail/CCL1212035850J40897440603.htm,2026-07-02 01:08:22,2026-07-11T12:53:49+08:00,official_structured_search_listing,salary_raw=6000-10000元; matched_query=Vue|前端开发; zhaopin_job_number=CCL1212035850J40897440603; official structured search-card fields; full JD not independently opened
NC-20260711-013,高级前端开发工程师,江西比特犬云数据服务有限公司,南昌,10,14,month,3-5年,本科,学术/科研,Vue3/uni-app前端,Echarts,智联招聘,https://www.zhaopin.com/jobdetail/CC452284080J40912154412.htm,2026-06-25 15:33:47,2026-07-11T12:53:49+08:00,official_structured_search_listing,salary_raw=1-1.4万; matched_query=Vue|前端开发; zhaopin_job_number=CC452284080J40912154412; official structured search-card fields; full JD not independently opened
NC-20260711-014,前端开发工程师（周末双休）,江西智身行云科技有限公司,南昌,7,10,month,1-3年,大专,软件/IT服务,Vue3/uni-app前端,大屏/可视化项目|TypeScript|React,智联招聘,https://www.zhaopin.com/jobdetail/CCL1523068060J40898792912.htm,2026-06-23 01:43:09,2026-07-11T12:53:49+08:00,official_structured_search_listing,salary_raw=7000-10000元; matched_query=Vue|前端开发; zhaopin_job_number=CCL1523068060J40898792912; official structured search-card fields; full JD not independently opened
NC-20260711-015,手机租赁小程序开发,陕西优盈金融信息服务有限公司,南昌,5,9,month,3-5年,本科,金融科技/数字金融,Vue3/uni-app前端,JavaScript,智联招聘,https://www.zhaopin.com/jobdetail/CC703367230J40780266907.htm,2026-06-20 01:17:24,2026-07-11T12:53:49+08:00,official_structured_search_listing,salary_raw=5000-9000元; matched_query=前端开发|小程序开发; zhaopin_job_number=CC703367230J40780266907; official structured search-card fields; full JD not independently opened
NC-20260711-016,AI大模型开发,中电金信软件有限公司,南昌,13,17,month,3-5年,本科,软件/IT服务,Python/AI应用,大模型算法|Python|Java|AI智能体研发|RAG技术应用|金融场景落地,智联招聘,https://www.zhaopin.com/jobdetail/CC443657520J40866693209.htm,2026-07-11 01:29:41,2026-07-11T12:53:49+08:00,official_structured_search_listing,salary_raw=1.3-1.7万; matched_query=Java|Python|人工智能|大模型; zhaopin_job_number=CC443657520J40866693209; official structured search-card fields; full JD not independently opened
NC-20260711-017,视觉算法工程师,江西泽境智能科技有限公司,南昌,11,18,month,1-3年,硕士,人工智能,Python/AI应用,3d视觉,智联招聘,https://www.zhaopin.com/jobdetail/CCL1258854750J40787809606.htm,2026-07-11 01:18:15,2026-07-11T12:53:49+08:00,official_structured_search_listing,salary_raw=1.1-1.8万; matched_query=人工智能; zhaopin_job_number=CCL1258854750J40787809606; official structured search-card fields; full JD not independently opened
NC-20260711-018,算法工程师,江西泽境智能科技有限公司,南昌,10,18,month_13,3-5年,本科,人工智能,Python/AI应用,导航算法,智联招聘,https://www.zhaopin.com/jobdetail/CCL1258854750J40787380706.htm,2026-07-11 01:18:14,2026-07-11T12:53:49+08:00,official_structured_search_listing,salary_raw=1-1.8万·13薪; matched_query=人工智能; zhaopin_job_number=CCL1258854750J40787380706; official structured search-card fields; full JD not independently opened
NC-20260711-019,AI实习生,深圳市科皓信息技术有限公司,南昌,,,day,经验不限,本科,软件/IT服务,Python/AI应用,图像算法|深度学习|大模型算法|PyTorch|TensorFlow|Caffe|Python|C++,智联招聘,https://www.zhaopin.com/jobdetail/CC120081560J40654051601.htm,2026-07-11 01:00:17,2026-07-11T12:53:49+08:00,official_structured_search_listing,salary_raw=100-150元/天; matched_query=Python|人工智能; zhaopin_job_number=CC120081560J40654051601; official structured search-card fields; full JD not independently opened
NC-20260711-020,AI智能体研发工程师,中电金信软件有限公司,南昌,10,18,month,1-3年,本科,软件/IT服务,Python/AI应用,大模型算法|Python|Java|AI智能体研发|RAG技术应用|金融场景落地,智联招聘,https://www.zhaopin.com/jobdetail/CC443657520J40866917309.htm,2026-07-10 01:30:07,2026-07-11T12:53:49+08:00,official_structured_search_listing,salary_raw=1-1.8万; matched_query=Java|Python|人工智能; zhaopin_job_number=CC443657520J40866917309; official structured search-card fields; full JD not independently opened
NC-20260711-021,自然语言处理算法工程师,上海柒志科技有限公司,南昌,16,20,month_13,1-3年,硕士,软件/IT服务,Python/AI应用,文本分析,智联招聘,https://www.zhaopin.com/jobdetail/CCL1277074980J40980737502.htm,2026-07-10 01:04:36,2026-07-11T12:53:49+08:00,official_structured_search_listing,salary_raw=1.6-2万·13薪; matched_query=人工智能; zhaopin_job_number=CCL1277074980J40980737502; official structured search-card fields; full JD not independently opened
NC-20260711-022,AI大模型应用开发工程师,上海柒志科技有限公司,南昌,16,20,month_13,1-3年,硕士,软件/IT服务,Python/AI应用,LORA/P-TUNING|Python|大模型微调及部经验|多模态模型应用开发,智联招聘,https://www.zhaopin.com/jobdetail/CCL1277074980J40972489302.htm,2026-07-10 01:04:15,2026-07-11T12:53:49+08:00,official_structured_search_listing,salary_raw=1.6-2万·13薪; matched_query=AI应用|Python|人工智能|大模型; zhaopin_job_number=CCL1277074980J40972489302; official structured search-card fields; full JD not independently opened
NC-20260711-023,NLP深度学习算法工程师,上海柒志科技有限公司,南昌,16,20,month_13,1-3年,本科,软件/IT服务,Python/AI应用,文本分类|实体识别|文本摘要|机器翻译|情感分析|问答系统|TensorFlow|PyTorch|BERT|ROBERTA,智联招聘,https://www.zhaopin.com/jobdetail/CCL1277074980J40972483302.htm,2026-07-09 10:04:33,2026-07-11T12:53:49+08:00,official_structured_search_listing,salary_raw=1.6-2万·13薪; matched_query=人工智能; zhaopin_job_number=CCL1277074980J40972483302; official structured search-card fields; full JD not independently opened
NC-20260711-024,算法工程师,中国瑞林,南昌,15,25,month,经验不限,硕士,工程专业服务,Python/AI应用,图像算法|机器学习|深度学习,智联招聘,https://www.zhaopin.com/jobdetail/CC208102510J40787802706.htm,2026-07-09 09:42:47,2026-07-11T12:53:49+08:00,official_structured_search_listing,salary_raw=1.5-2.5万; matched_query=人工智能; zhaopin_job_number=CC208102510J40787802706; official structured search-card fields; full JD not independently opened
NC-20260711-025,AI工程师,宜春龙蟠时代锂业科技有限公司,南昌,10,16,month_13,3-5年,本科,动力电池,Python/AI应用,AI|AI应用,智联招聘,https://www.zhaopin.com/jobdetail/CCL1448342930J40780078106.htm,2026-07-09 01:18:44,2026-07-11T12:53:49+08:00,official_structured_search_listing,salary_raw=1-1.6万·13薪; matched_query=AI应用; zhaopin_job_number=CCL1448342930J40780078106; official structured search-card fields; full JD not independently opened
NC-20260711-026,AI工程师,南昌博方教育科技有限公司,南昌,10,15,month_13,1-3年,本科,教育科技/教育软件,Python/AI应用,图像算法|大模型算法|GPT,智联招聘,https://www.zhaopin.com/jobdetail/CCL1491428000J40998892804.htm,2026-07-09 01:11:59,2026-07-11T12:53:49+08:00,official_structured_search_listing,salary_raw=1-1.5万·13薪; matched_query=人工智能; zhaopin_job_number=CCL1491428000J40998892804; official structured search-card fields; full JD not independently opened
NC-20260711-027,自动驾驶算法工程师,江西扬声电子有限公司,南昌,15,25,month_13,5-10年,本科,船舶/航空/航天/军工,Python/AI应用,图像算法|智能驾驶|linux,智联招聘,https://www.zhaopin.com/jobdetail/CC219047780J40802340507.htm,2026-07-08 01:18:15,2026-07-11T12:53:49+08:00,official_structured_search_listing,salary_raw=1.5-2.5万·13薪; matched_query=人工智能; zhaopin_job_number=CC219047780J40802340507; official structured search-card fields; full JD not independently opened
NC-20260711-028,算法工程师,江西泽境智能科技有限公司,南昌,15,25,month,经验不限,硕士,人工智能,Python/AI应用,大模型算法|强化学习,智联招聘,https://www.zhaopin.com/jobdetail/CCL1258854750J40787136906.htm,2026-07-07 10:20:39,2026-07-11T12:53:49+08:00,official_structured_search_listing,salary_raw=1.5-2.5万; matched_query=人工智能; zhaopin_job_number=CCL1258854750J40787136906; official structured search-card fields; full JD not independently opened
NC-20260711-029,高级开发工程师（Java / AI应用方向）,江西中联智能物流有限公司,南昌,15,16,month_13,5-10年,本科,货运物流,Python/AI应用,Python|Spring|MySQL,智联招聘,https://www.zhaopin.com/jobdetail/CCL1300319310J40938598215.htm,2026-07-07 01:52:43,2026-07-11T12:53:49+08:00,official_structured_search_listing,salary_raw=1.5-1.6万·13薪; matched_query=AI应用|Java|Java Vue|Python; zhaopin_job_number=CCL1300319310J40938598215; official structured search-card fields; full JD not independently opened
NC-20260711-030,ai算法工程师,江西江铃进出口有限责任公司,南昌,6,10,month,1-3年,本科,综合商贸,Python/AI应用,PyTorch|TensorFlow|机器视觉|Python,智联招聘,https://www.zhaopin.com/jobdetail/CC134443520J40841450711.htm,2026-07-03 01:37:38,2026-07-11T12:53:49+08:00,official_structured_search_listing,salary_raw=6000-10000元; matched_query=Python|人工智能; zhaopin_job_number=CC134443520J40841450711; official structured search-card fields; full JD not independently opened
NC-20260711-031,智能体开发工程师,思创数码,南昌,20,40,month,1-3年,本科,软件/IT服务,Python/AI应用,大模型算法,智联招聘,https://www.zhaopin.com/jobdetail/CC178359120J40854549407.htm,2026-07-03 01:21:13,2026-07-11T12:53:49+08:00,official_structured_search_listing,salary_raw=2-4万; matched_query=人工智能; zhaopin_job_number=CC178359120J40854549407; official structured search-card fields; full JD not independently opened
NC-20260711-032,AI Agent实习生,江西星澜科技有限公司,南昌,,,day,经验不限,本科,软件/IT服务,Python/AI应用,对AI技术拥有激情|自然语言处理|Python,智联招聘,https://www.zhaopin.com/jobdetail/CCL1452023550J40724198107.htm,2026-07-02 01:19:01,2026-07-11T12:53:49+08:00,official_structured_search_listing,salary_raw=100-150元/天; matched_query=Python|人工智能; zhaopin_job_number=CCL1452023550J40724198107; official structured search-card fields; full JD not independently opened
NC-20260711-033,AI研发工程师,金创科技(江西)有限公司,南昌,10,15,month,3-5年,本科,软件/IT服务,Python/AI应用,深度学习|机器学习|TensorFlow|PyTorch|Python|AI项目落地|特征工程|前沿技术跟踪,智联招聘,https://www.zhaopin.com/jobdetail/CCL1481484730J40916620012.htm,2026-06-30 15:37:45,2026-07-11T12:53:49+08:00,official_structured_search_listing,salary_raw=1-1.5万; matched_query=Python|人工智能; zhaopin_job_number=CCL1481484730J40916620012; official structured search-card fields; full JD not independently opened
NC-20260711-034,ai大数据工程师,江西星澜科技有限公司,南昌,10,15,month_13,3-5年,本科,软件/IT服务,Python/AI应用,Python|数据治理|ETL,智联招聘,https://www.zhaopin.com/jobdetail/CCL1452023550J40823879807.htm,2026-06-29 01:18:47,2026-07-11T12:53:49+08:00,official_structured_search_listing,salary_raw=1-1.5万·13薪; matched_query=Python|前端开发; zhaopin_job_number=CCL1452023550J40823879807; official structured search-card fields; full JD not independently opened
NC-20260711-035,ai高级算法工程师,江西星澜科技有限公司,南昌,15,22,month_15,3-5年,本科,软件/IT服务,Python/AI应用,,智联招聘,https://www.zhaopin.com/jobdetail/CCL1452023550J40790367707.htm,2026-06-26 01:19:36,2026-07-11T12:53:49+08:00,official_structured_search_listing,salary_raw=1.5-2.2万·15薪; matched_query=人工智能; zhaopin_job_number=CCL1452023550J40790367707; official structured search-card fields; full JD not independently opened
NC-20260711-036,AI全栈开发工程师,江西普联信息技术有限公司,南昌,10,14,month,1-3年,本科,计算机硬件,Python/AI应用,Python|TypeScript,智联招聘,https://www.zhaopin.com/jobdetail/CC371860030J41010792604.htm,2026-06-25 01:12:34,2026-07-11T12:53:49+08:00,official_structured_search_listing,salary_raw=1-1.4万; matched_query=Python|全栈开发; zhaopin_job_number=CC371860030J41010792604; official structured search-card fields; full JD not independently opened
NC-20260711-037,大模型+RAG工程师,江西星澜科技有限公司,南昌,10,18,month_14,1-3年,本科,软件/IT服务,Python/AI应用,深度学习|强化学习|多模态算法,智联招聘,https://www.zhaopin.com/jobdetail/CCL1452023550J40724687307.htm,2026-06-21 01:18:29,2026-07-11T12:53:49+08:00,official_structured_search_listing,salary_raw=1-1.8万·14薪; matched_query=RAG|人工智能|大模型; zhaopin_job_number=CCL1452023550J40724687307; official structured search-card fields; full JD not independently opened
NC-20260711-038,大模型算法开发工程师,上海柒志科技有限公司,南昌,13,16,month_14,1-3年,本科,软件/IT服务,Python/AI应用,深度学习|机器学习|大模型算法|Python|Java,智联招聘,https://www.zhaopin.com/jobdetail/CCL1277074980J40750841302.htm,2026-06-17 01:03:35,2026-07-11T12:53:49+08:00,official_structured_search_listing,salary_raw=1.3-1.6万·14薪; matched_query=Java|Python|人工智能|大模型; zhaopin_job_number=CCL1277074980J40750841302; official structured search-card fields; full JD not independently opened
NC-20260711-039,java开发工程师,江西比特犬云数据服务有限公司,南昌,9,12,month,3-5年,本科,学术/科研,Java后端,测评系统开发经验,智联招聘,https://www.zhaopin.com/jobdetail/CC452284080J40914063212.htm,2026-07-11 01:40:30,2026-07-11T12:53:49+08:00,official_structured_search_listing,salary_raw=9000-12000元; matched_query=Java|Java Vue; zhaopin_job_number=CC452284080J40914063212; official structured search-card fields; full JD not independently opened
NC-20260711-040,研发工程师（医药、JAVA）,江药集团有限公司,南昌,10,15,month_15,5-10年,本科,医药批发/零售,Java后端,Java,智联招聘,https://www.zhaopin.com/jobdetail/CC885562830J40865787810.htm,2026-07-11 01:34:03,2026-07-11T12:53:49+08:00,official_structured_search_listing,salary_raw=1-1.5万·15薪; matched_query=Java|Java Vue; zhaopin_job_number=CC885562830J40865787810; official structured search-card fields; full JD not independently opened
NC-20260711-041,软件开发/测试工程师,外企德科数字技术有限公司,南昌,15,30,month_14,经验不限,本科,软件/IT服务,Java后端,Java|Python|C/C++,智联招聘,https://www.zhaopin.com/jobdetail/CCL1480117890J40765617205.htm,2026-07-11 01:12:35,2026-07-11T12:53:49+08:00,official_structured_search_listing,salary_raw=1.5-3万·14薪; matched_query=Java|Python|前端开发; zhaopin_job_number=CCL1480117890J40765617205; official structured search-card fields; full JD not independently opened
NC-20260711-042,java组长/项目经理（非外包，入职缴纳五险一金）,上海柒志科技有限公司,南昌,11,13,month_13,5-10年,本科,软件/IT服务,Java后端,JavaScript|MySQL|Oracle|Spring|Mybatis,智联招聘,https://www.zhaopin.com/jobdetail/CCL1277074980J40754784902.htm,2026-07-11 01:03:05,2026-07-11T12:53:49+08:00,official_structured_search_listing,salary_raw=1.1-1.3万·13薪; matched_query=Java|Java Vue; zhaopin_job_number=CCL1277074980J40754784902; official structured search-card fields; full JD not independently opened
NC-20260711-043,java软件开发工程师,江西晟裕网络科技有限公司,南昌,8,15,month,经验不限,大专,软件/IT服务,Java后端,JAVA开发|系统设计与开发|团队合作,智联招聘,https://www.zhaopin.com/jobdetail/CCL1285848370J40920191808.htm,2026-07-11 00:00:00,2026-07-11T12:53:49+08:00,official_structured_search_listing,salary_raw=8000-15000元; matched_query=Java|Java Vue; zhaopin_job_number=CCL1285848370J40920191808; official structured search-card fields; full JD not independently opened
NC-20260711-044,java初级工程师,江西尔鸿网络科技有限公司,南昌,6,9,month,1-3年,大专,产业互联网平台,Java后端,Spring|MySQL|JAVA应用开发|敏捷开发|团队协作,智联招聘,https://www.zhaopin.com/jobdetail/CCL1307781140J40825307005.htm,2026-07-10 10:06:42,2026-07-11T12:53:49+08:00,official_structured_search_listing,salary_raw=6000-9000元; matched_query=Java|Java Vue; zhaopin_job_number=CCL1307781140J40825307005; official structured search-card fields; full JD not independently opened
NC-20260711-045,Java开发工程师,南京展讯信息科技有限公司,南昌,11,14,month,3-5年,本科,软件/IT服务,Java后端,Spring,智联招聘,https://www.zhaopin.com/jobdetail/CC572729130J40857292509.htm,2026-07-10 01:29:28,2026-07-11T12:53:49+08:00,official_structured_search_listing,salary_raw=1.1-1.4万; matched_query=Java|Java Vue; zhaopin_job_number=CC572729130J40857292509; official structured search-card fields; full JD not independently opened
NC-20260711-046,java后端助理,南昌玢耀信息技术有限公司,南昌,5,8,month,经验不限,大专,财务/审计/税务,Java后端,JavaScript|Python|C++|Mybatis|MySQL|PostgreSQL|Oracle|Spring|Hibernate,智联招聘,https://www.zhaopin.com/jobdetail/CCL1468722750J40846379302.htm,2026-07-10 01:03:09,2026-07-11T12:53:49+08:00,official_structured_search_listing,salary_raw=5000-8000元; matched_query=Java|Java Vue|Python; zhaopin_job_number=CCL1468722750J40846379302; official structured search-card fields; full JD not independently opened
NC-20260711-047,java开发工程师,江西医至初医学病理诊断管理有限公司,南昌,8,13,month,3-5年,本科,医院/诊所服务,Java后端,,智联招聘,https://www.zhaopin.com/jobdetail/CCL1212407020J40863284307.htm,2026-07-09 11:18:04,2026-07-11T12:53:49+08:00,official_structured_search_listing,salary_raw=8000-13000元; matched_query=Java|Java Vue; zhaopin_job_number=CCL1212407020J40863284307; official structured search-card fields; full JD not independently opened
NC-20260711-048,【南昌】Java开发工程师,深圳亿维锐创科技股份有限公司,南昌,9,14,month,3-5年,本科,软件/IT服务,Java后端,Java|数据库|MySQL|Linux|SpringBoot|SpringCloud,智联招聘,https://www.zhaopin.com/jobdetail/CC162744910J40272599708.htm,2026-07-09 01:22:35,2026-07-11T12:53:49+08:00,official_structured_search_listing,salary_raw=9000-14000元; matched_query=Java|Java Vue; zhaopin_job_number=CC162744910J40272599708; official structured search-card fields; full JD not independently opened
NC-20260711-049,高级java工程师,中国电建集团江西省电力建设有限公司,南昌,10,18,month,3-5年,本科,电力/水利/热力/燃气,Java后端,,智联招聘,https://www.zhaopin.com/jobdetail/CC625127180J40748229507.htm,2026-07-08 16:45:35,2026-07-11T12:53:49+08:00,official_structured_search_listing,salary_raw=1-1.8万; matched_query=Java|Java Vue; zhaopin_job_number=CC625127180J40748229507; official structured search-card fields; full JD not independently opened
NC-20260711-050,java中级开发工程师,贵州贵银设备工程有限公司,南昌,7,13,month_13,1年以下,大专,软件/IT服务,Java后端,,智联招聘,https://www.zhaopin.com/jobdetail/CC826847310J40929273215.htm,2026-07-08 01:46:56,2026-07-11T12:53:49+08:00,official_structured_search_listing,salary_raw=7000-13000元·13薪; matched_query=Java|Java Vue; zhaopin_job_number=CC826847310J40929273215; official structured search-card fields; full JD not independently opened
NC-20260711-051,Java开发工程师,思创数码,南昌,15,25,month,经验不限,本科,软件/IT服务,Java后端,Spring|Mybatis|MySQL,智联招聘,https://www.zhaopin.com/jobdetail/CC178359120J40858625407.htm,2026-07-08 01:20:24,2026-07-11T12:53:49+08:00,official_structured_search_listing,salary_raw=1.5-2.5万; matched_query=Java|Java Vue; zhaopin_job_number=CC178359120J40858625407; official structured search-card fields; full JD not independently opened
NC-20260711-052,Java开发工程师,思创数码,南昌,11,12,month,1-3年,学历不限,软件/IT服务,Java后端,,智联招聘,https://www.zhaopin.com/jobdetail/CC178359120J40851925707.htm,2026-07-07 11:50:39,2026-07-11T12:53:49+08:00,official_structured_search_listing,salary_raw=1.1-1.2万; matched_query=Java|Java Vue; zhaopin_job_number=CC178359120J40851925707; official structured search-card fields; full JD not independently opened
NC-20260711-053,Java开发工程师,高伟达,南昌,11,15,month,5-10年,本科,软件/IT服务,Java后端,Java,智联招聘,https://www.zhaopin.com/jobdetail/CC120702340J40124694514.htm,2026-07-07 01:47:21,2026-07-11T12:53:49+08:00,official_structured_search_listing,salary_raw=1.1-1.5万; matched_query=Java|Java Vue; zhaopin_job_number=CC120702340J40124694514; official structured search-card fields; full JD not independently opened
NC-20260711-054,中级java开发工程师,江苏信畅信息技术有限公司,南昌,8,11,month,3-5年,本科,产业互联网平台,Java后端,MySQL|PostgreSQL|Redis,智联招聘,https://www.zhaopin.com/jobdetail/CCL1389962270J40867549610.htm,2026-07-07 01:36:42,2026-07-11T12:53:49+08:00,official_structured_search_listing,salary_raw=8000-11000元; matched_query=Java|Java Vue; zhaopin_job_number=CCL1389962270J40867549610; official structured search-card fields; full JD not independently opened
NC-20260711-055,中级后端开发工程师,江西三叉数信息科技有限公司,南昌,6,11,month,3-5年,本科,软件/IT服务,Java后端,后端开发|架构设计|Java|JVM,智联招聘,https://www.zhaopin.com/jobdetail/CC432115780J40266470903.htm,2026-07-07 01:06:14,2026-07-11T12:53:49+08:00,official_structured_search_listing,salary_raw=6000-11000元; matched_query=Java; zhaopin_job_number=CC432115780J40266470903; official structured search-card fields; full JD not independently opened
NC-20260711-056,中级Java开发工程师,江西三叉数信息科技有限公司,南昌,8,11,month,3-5年,大专,软件/IT服务,Java后端,Tomcat|Kafka|RabbitMQ|Java|Oracle|PostgreSQL|SpringBoot|SpringCloud,智联招聘,https://www.zhaopin.com/jobdetail/CC432115780J40321061203.htm,2026-07-07 01:06:14,2026-07-11T12:53:49+08:00,official_structured_search_listing,salary_raw=8000-11000元; matched_query=Java|Java Vue; zhaopin_job_number=CC432115780J40321061203; official structured search-card fields; full JD not independently opened
NC-20260711-057,产品开发工程师,江西云擎科技有限公司,南昌,6,9,month,1-3年,本科,软件/IT服务,Java后端,Java,智联招聘,https://www.zhaopin.com/jobdetail/CCL1350758670J40772865706.htm,2026-07-04 01:19:10,2026-07-11T12:53:49+08:00,official_structured_search_listing,salary_raw=6000-9000元; matched_query=Java|Python; zhaopin_job_number=CCL1350758670J40772865706; official structured search-card fields; full JD not independently opened
NC-20260711-058,高级后端开发工程师,江西三叉数信息科技有限公司,南昌,8,12,month,5-10年,本科,软件/IT服务,Java后端,Spring|MySQL,智联招聘,https://www.zhaopin.com/jobdetail/CC432115780J40797911703.htm,2026-07-02 01:06:13,2026-07-11T12:53:49+08:00,official_structured_search_listing,salary_raw=8000-12000元; matched_query=Java; zhaopin_job_number=CC432115780J40797911703; official structured search-card fields; full JD not independently opened
NC-20260711-059,Java开发工程师,江西普赛科技有限公司,南昌,5,6,month,1-3年,本科,软件/IT服务,Java后端,NoSQL,智联招聘,https://www.zhaopin.com/jobdetail/CC418298120J40871510810.htm,2026-06-30 12:29:30,2026-07-11T12:53:49+08:00,official_structured_search_listing,salary_raw=5000-6000元; matched_query=Java|Java Vue; zhaopin_job_number=CC418298120J40871510810; official structured search-card fields; full JD not independently opened
NC-20260711-060,JAVA后端工程师,同昌保险经纪股份有限公司深圳分公司,南昌,8,16,month_13,3-5年,本科,保险,Java后端,Python|Java|MySQL|Redis|Spring,智联招聘,https://www.zhaopin.com/jobdetail/CC665606930J40779618506.htm,2026-06-26 01:18:57,2026-07-11T12:53:49+08:00,official_structured_search_listing,salary_raw=8000-16000元·13薪; matched_query=Java|Java Vue|Python; zhaopin_job_number=CC665606930J40779618506; official structured search-card fields; full JD not independently opened
NC-20260711-061,高级研发工程师(医药行业),江药集团有限公司,南昌,15,25,month_16,5-10年,本科,医药批发/零售,Java+Vue全栈,Java|后端开发|前端开发,智联招聘,https://www.zhaopin.com/jobdetail/CC885562830J40836207110.htm,2026-07-11 01:32:41,2026-07-11T12:53:49+08:00,official_structured_search_listing,salary_raw=1.5-2.5万·16薪; matched_query=Java|前端开发; zhaopin_job_number=CC885562830J40836207110; official structured search-card fields; full JD not independently opened
NC-20260711-062,Java 开发工程师-江西,中电福富信息科技有限公司,南昌,9,12,month,3-5年,本科,软件/IT服务,Java+Vue全栈,JavaScript|CSS|Spring,智联招聘,https://www.zhaopin.com/jobdetail/CC180936110J40949232408.htm,2026-07-11 01:24:52,2026-07-11T12:53:49+08:00,official_structured_search_listing,salary_raw=9000-12000元; matched_query=Java|Java Vue; zhaopin_job_number=CC180936110J40949232408; official structured search-card fields; full JD not independently opened
NC-20260711-063,中高级Java开发工程师,东华软件股份公司,南昌,8,14,month,3-5年,本科,软件/IT服务,Java+Vue全栈,JavaScript|Spring|MySQL|Oracle|Redis|Mybatis|风险管理系统|信创改造,智联招聘,https://www.zhaopin.com/jobdetail/CC193399810J40849282307.htm,2026-07-11 01:20:42,2026-07-11T12:53:49+08:00,official_structured_search_listing,salary_raw=8000-14000元; matched_query=Java|Java Vue; zhaopin_job_number=CC193399810J40849282307; official structured search-card fields; full JD not independently opened
NC-20260711-064,高级JAVA开发工程师,上海柒志科技有限公司,南昌,12,15,month_14,3-5年,本科,软件/IT服务,Java+Vue全栈,JavaScript|Spring|Redis|MySQL,智联招聘,https://www.zhaopin.com/jobdetail/CCL1277074980J40974130802.htm,2026-07-11 01:04:26,2026-07-11T12:53:49+08:00,official_structured_search_listing,salary_raw=1.2-1.5万·14薪; matched_query=Java|Java Vue; zhaopin_job_number=CCL1277074980J40974130802; official structured search-card fields; full JD not independently opened
NC-20260711-065,开发工程师,福州众致力信息科技有限公司,南昌,8,15,month,3-5年,本科,软件/IT服务,Java+Vue全栈,JavaScript|Spring|Mybatis|MySQL|Oracle|NC,智联招聘,https://www.zhaopin.com/jobdetail/CC201864180J40655055108.htm,2026-07-10 01:22:07,2026-07-11T12:53:49+08:00,official_structured_search_listing,salary_raw=8000-15000元; matched_query=Java; zhaopin_job_number=CC201864180J40655055108; official structured search-card fields; full JD not independently opened
NC-20260711-066,高级java开发工程师,上海柒志科技有限公司,南昌,9,13,month_13,3-5年,本科,软件/IT服务,Java+Vue全栈,JavaScript|Spring|Mybatis|Oracle|MySQL|Redis,智联招聘,https://www.zhaopin.com/jobdetail/CCL1277074980J40973456502.htm,2026-07-10 01:04:18,2026-07-11T12:53:49+08:00,official_structured_search_listing,salary_raw=9000-13000元·13薪; matched_query=Java|Java Vue; zhaopin_job_number=CCL1277074980J40973456502; official structured search-card fields; full JD not independently opened
NC-20260711-067,中级java工程师（双休，入职缴纳五险一金）,上海柒志科技有限公司,南昌,8,12,month_13,1-3年,本科,软件/IT服务,Java+Vue全栈,JavaScript|Spring|MySQL,智联招聘,https://www.zhaopin.com/jobdetail/CCL1277074980J40972320202.htm,2026-07-10 01:04:15,2026-07-11T12:53:49+08:00,official_structured_search_listing,salary_raw=8000-12000元·13薪; matched_query=Java|Java Vue; zhaopin_job_number=CCL1277074980J40972320202; official structured search-card fields; full JD not independently opened
NC-20260711-068,java全栈工程师（双休，入职交五险一金）,上海柒志科技有限公司,南昌,9,13,month_13,3-5年,本科,软件/IT服务,Java+Vue全栈,后端开发|SPRINGCLOUD|Java|MySQL|Redis|Vue,智联招聘,https://www.zhaopin.com/jobdetail/CCL1277074980J40951094902.htm,2026-07-10 01:03:35,2026-07-11T12:53:49+08:00,official_structured_search_listing,salary_raw=9000-13000元·13薪; matched_query=Java|Java Vue|Vue|全栈开发; zhaopin_job_number=CCL1277074980J40951094902; official structured search-card fields; full JD not independently opened
NC-20260711-069,开发工程师,江西途润科技有限公司,南昌,5,7,month,1-3年,大专,软件/IT服务,Java+Vue全栈,Java|SpringMVC|SQL|MySQL|Oracle|Mybatis|JavaScript,智联招聘,https://www.zhaopin.com/jobdetail/CCL1487852970J40918498312.htm,2026-07-09 01:41:02,2026-07-11T12:53:49+08:00,official_structured_search_listing,salary_raw=5000-7000元; matched_query=Java; zhaopin_job_number=CCL1487852970J40918498312; official structured search-card fields; full JD not independently opened
NC-20260711-070,全栈开发工程师,双胞胎集团,南昌,20,30,month,5-10年,本科,畜牧业,Java+Vue全栈,Python|Java|前端开发|Vue|react,智联招聘,https://www.zhaopin.com/jobdetail/CC180760820J40939925308.htm,2026-07-09 01:25:11,2026-07-11T12:53:49+08:00,official_structured_search_listing,salary_raw=2-3万; matched_query=Java|Java Vue|Python|Vue|全栈开发|前端开发; zhaopin_job_number=CC180760820J40939925308; official structured search-card fields; full JD not independently opened
NC-20260711-071,对日开发初级技术员到项目经理的全职位招聘,株式会社ProfaceSystems,南昌,20,40,month,1-3年,大专,软件/IT服务,Java+Vue全栈,前端开发|后端开发|架构开发|Python|Java|AI|赴日|对日|JavaScript|Vue|react|C|MySQL|PostgreSQL|SQL Server,智联招聘,https://www.zhaopin.com/jobdetail/CC579165780J40398769513.htm,2026-07-08 01:39:20,2026-07-11T12:53:49+08:00,official_structured_search_listing,salary_raw=2-4万; matched_query=Java|Java Vue|Python|Vue|全栈开发|前端开发; zhaopin_job_number=CC579165780J40398769513; official structured search-card fields; full JD not independently opened
NC-20260711-072,中级Java开发工程师,江西三叉数信息科技有限公司,南昌,5,7,month,1-3年,大专,软件/IT服务,Java+Vue全栈,后端开发|Java|JavaScript|Oracle|MySQL,智联招聘,https://www.zhaopin.com/jobdetail/CC432115780J40404197303.htm,2026-07-08 01:06:16,2026-07-11T12:53:49+08:00,official_structured_search_listing,salary_raw=5000-7000元; matched_query=Java|Java Vue; zhaopin_job_number=CC432115780J40404197303; official structured search-card fields; full JD not independently opened
NC-20260711-073,高级java开发工程师,江西君道健康产业管理有限公司,南昌,10,13,month,5-10年,本科,医药批发/零售,Java+Vue全栈,JavaScript|MySQL|SQLServer|Mybatis|Spring|Oracle,智联招聘,https://www.zhaopin.com/jobdetail/CC813362260J40511802202.htm,2026-07-08 01:03:16,2026-07-11T12:53:49+08:00,official_structured_search_listing,salary_raw=1-1.3万; matched_query=Java|Java Vue; zhaopin_job_number=CC813362260J40511802202; official structured search-card fields; full JD not independently opened
NC-20260711-074,后端工程师（java）,江西软件职业技术大学,南昌,7,10,month,1-3年,本科,学校/学历教育,Java+Vue全栈,JavaScript,智联招聘,https://www.zhaopin.com/jobdetail/CCL1212035850J40897441603.htm,2026-07-07 01:08:36,2026-07-11T12:53:49+08:00,official_structured_search_listing,salary_raw=7000-10000元; matched_query=Java|Java Vue; zhaopin_job_number=CCL1212035850J40897441603; official structured search-card fields; full JD not independently opened
NC-20260711-075,高级全栈工程师,江西星澜科技有限公司,南昌,9,15,month_16,3-5年,本科,软件/IT服务,Java+Vue全栈,全栈开发|Python|Java|后端开发|MySQL,智联招聘,https://www.zhaopin.com/jobdetail/CCL1452023550J40729166207.htm,2026-07-04 01:20:23,2026-07-11T12:53:49+08:00,official_structured_search_listing,salary_raw=9000-15000元·16薪; matched_query=Java|Python|全栈开发; zhaopin_job_number=CCL1452023550J40729166207; official structured search-card fields; full JD not independently opened
NC-20260711-076,Java开发工程师,南昌中展数智科技有限公司,南昌,7,11,month,3-5年,本科,软件/IT服务,Java+Vue全栈,Spring|SPRINGBOOT|SPRINGCLOUD|Vue,智联招聘,https://www.zhaopin.com/jobdetail/CC132566810J40623490406.htm,2026-07-02 01:16:15,2026-07-11T12:53:49+08:00,official_structured_search_listing,salary_raw=7000-11000元; matched_query=Java|Java Vue|Vue; zhaopin_job_number=CC132566810J40623490406; official structured search-card fields; full JD not independently opened
NC-20260711-077,高级开发工程师,江西中联智能物流有限公司,南昌,15,16,month,5-10年,本科,货运物流,Java+Vue全栈,JavaScript|Spring|MySQL,智联招聘,https://www.zhaopin.com/jobdetail/CCL1300319310J40938705615.htm,2026-07-01 01:51:31,2026-07-11T12:53:49+08:00,official_structured_search_listing,salary_raw=1.5-1.6万; matched_query=Java; zhaopin_job_number=CCL1300319310J40938705615; official structured search-card fields; full JD not independently opened
NC-20260711-078,采购域JAVA开发工程师,重庆软维科技有限公司,南昌,8,9,month,3-5年,本科,互联网医疗,Java+Vue全栈,Spring|MySQL|Redis|JavaScript,智联招聘,https://www.zhaopin.com/jobdetail/CC447211930J40855982111.htm,2026-07-01 01:37:45,2026-07-11T12:53:49+08:00,official_structured_search_listing,salary_raw=8000-9000元; matched_query=Java|Java Vue; zhaopin_job_number=CC447211930J40855982111; official structured search-card fields; full JD not independently opened
NC-20260711-079,中级java工程师,上海柒志科技有限公司,南昌,8,12,month_13,1-3年,本科,软件/IT服务,Java+Vue全栈,JavaScript|Spring|MySQL,智联招聘,https://www.zhaopin.com/jobdetail/CCL1277074980J40735304202.htm,2026-06-30 01:03:53,2026-07-11T12:53:49+08:00,official_structured_search_listing,salary_raw=8000-12000元·13薪; matched_query=Java|Java Vue; zhaopin_job_number=CCL1277074980J40735304202; official structured search-card fields; full JD not independently opened
NC-20260711-080,初级java工程师,深圳市科皓信息技术有限公司,南昌,6,9,month,1-3年,本科,软件/IT服务,Java+Vue全栈,JavaScript|MySQL|Spring|Oracle|SQLServer,智联招聘,https://www.zhaopin.com/jobdetail/CC120081560J40859171901.htm,2026-06-29 01:02:57,2026-07-11T12:53:49+08:00,official_structured_search_listing,salary_raw=6000-9000元; matched_query=Java|Java Vue; zhaopin_job_number=CC120081560J40859171901; official structured search-card fields; full JD not independently opened
NC-20260711-081,中级java工程师,深圳市科皓信息技术有限公司,南昌,10,13,month,3-5年,本科,软件/IT服务,Java+Vue全栈,JavaScript|MySQL|Spring|Oracle|SQLServer|智慧水利,智联招聘,https://www.zhaopin.com/jobdetail/CC120081560J40859417601.htm,2026-06-29 01:02:57,2026-07-11T12:53:49+08:00,official_structured_search_listing,salary_raw=1-1.3万; matched_query=Java|Java Vue; zhaopin_job_number=CC120081560J40859417601; official structured search-card fields; full JD not independently opened
NC-20260711-082,高级java工程师,深圳市科皓信息技术有限公司,南昌,11,15,month,5-10年,本科,软件/IT服务,Java+Vue全栈,JavaScript|Spring|Mybatis|MySQL,智联招聘,https://www.zhaopin.com/jobdetail/CC120081560J40859536501.htm,2026-06-27 01:03:11,2026-07-11T12:53:49+08:00,official_structured_search_listing,salary_raw=1.1-1.5万; matched_query=Java|Java Vue; zhaopin_job_number=CC120081560J40859536501; official structured search-card fields; full JD not independently opened
NC-20260711-083,高级java开发工程师,江西比特犬云数据服务有限公司,南昌,8,14,month_13,3-5年,本科,学术/科研,Java+Vue全栈,Redis|MySQL|JavaScript,智联招聘,https://www.zhaopin.com/jobdetail/CC452284080J40911271712.htm,2026-06-23 11:30:06,2026-07-11T12:53:49+08:00,official_structured_search_listing,salary_raw=8000-14000元·13薪; matched_query=Java|Java Vue; zhaopin_job_number=CC452284080J40911271712; official structured search-card fields; full JD not independently opened
NC-20260711-084,Java工程师（周末双休）,江西智身行云科技有限公司,南昌,6,9,month,1-3年,本科,软件/IT服务,Java+Vue全栈,JavaScript|Spring|Oracle|MySQL,智联招聘,https://www.zhaopin.com/jobdetail/CCL1523068060J40898758112.htm,2026-06-19 01:38:54,2026-07-11T12:53:49+08:00,official_structured_search_listing,salary_raw=6000-9000元; matched_query=Java|Java Vue; zhaopin_job_number=CCL1523068060J40898758112; official structured search-card fields; full JD not independently opened
