permission_code,resource,action,tenant_admin,asset_admin,dispatcher,knowledge_admin,technician,reporter,supervisor_auditor,data_scope,high_risk_confirmation,server_enforcement,negative_test
ORG_READ,organization,read,allow,conditional,conditional,conditional,conditional,conditional,allow,tenant_or_assigned_org,no,organization_query_scope,cross_tenant_org_id
ORG_MANAGE,organization,create_update_disable,allow,deny,deny,deny,deny,deny,deny,tenant,yes,organization_application_service,non_admin_mutation
TEAM_READ,team,read,allow,conditional,conditional,conditional,conditional,deny,allow,tenant_or_assigned_org_or_team,no,organization_query_scope,team_scope_without_matching_team_id
TEAM_MANAGE,team,create_update_disable,allow,deny,deny,deny,deny,deny,deny,tenant_and_parent_organization,yes,organization_application_service,cross_tenant_or_cross_org_team_mutation
MEMBERSHIP_READ,membership,read,allow,deny,conditional,deny,conditional,deny,allow,tenant_or_assigned_org,no,identity_and_organization_service,cross_org_member_list
MEMBERSHIP_MANAGE,membership,invite_update_disable,allow,deny,deny,deny,deny,deny,deny,tenant,yes,organization_application_service,non_admin_or_self_escalation
ROLE_CATALOG_READ,role,read_fixed_catalog,allow,allow,allow,allow,allow,deny,allow,global_read_only,no,identity_authorization_service,tenant_attempts_catalog_mutation
ROLE_ASSIGN,membership_role,assign_revoke_fixed_role,allow,deny,deny,deny,deny,deny,deny,tenant,yes,identity_authorization_service,grant_unknown_role_or_outside_tenant
ASSET_REFERENCE_READ,equipment_model_location,read,allow,allow,allow,conditional,conditional,conditional,allow,tenant_or_assigned_org,no,asset_query_service,cross_tenant_model_or_location
ASSET_REFERENCE_MANAGE,equipment_model_location,create_update_disable,conditional,allow,deny,deny,deny,deny,deny,assigned_org,yes,asset_application_service,cross_org_reference_mutation
ASSET_READ,asset,read,allow,allow,allow,conditional,conditional,conditional,allow,assigned_org_or_report_relation,no,asset_query_service,cross_tenant_asset_id
ASSET_MANAGE,asset,create_update_retire,conditional,allow,deny,deny,deny,deny,deny,assigned_org,yes,asset_application_service,dispatcher_asset_mutation
ASSET_QR_ROTATE,asset_qr_code,rotate_revoke,conditional,allow,deny,deny,deny,deny,deny,assigned_org,yes,asset_application_service,use_revoked_qr
REPORT_CREATE,report,create,conditional,conditional,conditional,deny,conditional,allow,deny,visible_asset_or_valid_qr,no,workorder_report_service,report_for_hidden_asset
REPORT_READ,report,read,allow,allow,allow,deny,conditional,conditional,allow,assigned_org_or_ownership,no,workorder_query_service,other_reporter_report
REPORT_SUPPLEMENT,report,add_information,deny,deny,conditional,deny,conditional,allow,deny,ownership_or_assigned_work_order,no,workorder_report_service,unrelated_report_update
WORK_ORDER_READ,work_order,read,allow,allow,allow,conditional,conditional,conditional,allow,assigned_org_team_or_report_relation,no,workorder_query_service,cross_scope_work_order
WORK_ORDER_TRIAGE,work_order,confirm_triage,deny,deny,allow,deny,deny,deny,conditional,assigned_org,yes,workorder_command_service,technician_triage
WORK_ORDER_ASSIGN,assignment,assign_reassign,deny,deny,allow,deny,deny,deny,conditional,assigned_org_and_team,yes,workorder_command_service,stale_version_or_cross_team_reassign
WORK_ORDER_ACCEPT,work_order,accept,deny,deny,deny,deny,allow,deny,deny,self_assignment,no,workorder_command_service,accept_other_technician_assignment
WORK_ORDER_EXECUTE,work_order,start_pause_resume_log,deny,deny,deny,deny,allow,deny,deny,self_assignment,no,workorder_command_service,execute_unassigned_work_order
WORK_ORDER_REQUEST_APPROVAL,approval,request_pending_approval,deny,deny,conditional,deny,allow,deny,deny,self_assignment_or_assigned_org,yes,workorder_command_service,request_from_non_in_progress_or_unassigned
WORK_ORDER_DECIDE_APPROVAL,approval,decide_approve_or_request_changes,deny,deny,conditional,deny,deny,deny,allow,assigned_org_team_and_not_requester,yes,workorder_command_service,unknown_decision_self_approval_stale_or_cross_scope
WORK_ORDER_RESOLVE,work_order,submit_resolution,deny,deny,deny,deny,allow,deny,deny,self_assignment,yes,workorder_command_service,resolve_without_required_evidence
WORK_ORDER_VERIFY,work_order,verify_or_reject,deny,deny,conditional,deny,deny,conditional,allow,assigned_org_or_own_report,yes,workorder_command_service,verify_unrelated_work_order
WORK_ORDER_CLOSE,work_order,close,deny,deny,conditional,deny,deny,deny,allow,assigned_org,yes,workorder_command_service,close_before_verified
WORK_ORDER_REOPEN,work_order,reopen,deny,deny,allow,deny,deny,conditional,allow,assigned_org_or_own_report,yes,workorder_command_service,reopen_non_closed_or_hidden
WORK_ORDER_CANCEL,work_order,cancel,deny,deny,allow,deny,deny,conditional,conditional,assigned_org_or_own_report,yes,workorder_command_service,cancel_after_execution_started
ATTACHMENT_UPLOAD,attachment,upload_for_report_creation_supplement_or_work_order,conditional,conditional,conditional,deny,conditional,conditional,deny,purpose_owner_or_report_creation_session,no,attachment_service,missing_owner_for_non_creation_or_knowledge_purpose
ATTACHMENT_DOWNLOAD,attachment,download,allow,allow,allow,deny,conditional,conditional,allow,report_or_work_order_parent_scope,no,attachment_service,cross_tenant_object_key
KNOWLEDGE_READ,knowledge_version,read_published,allow,allow,allow,allow,conditional,deny,allow,tenant_and_asset_model_scope,no,knowledge_query_service,unpublished_or_revoked_version
KNOWLEDGE_DRAFT,knowledge_document,create_update_draft,deny,conditional,conditional,allow,conditional,deny,deny,tenant,yes,knowledge_application_service,reporter_create_draft
KNOWLEDGE_VERSION_UPLOAD,knowledge_version,create_upload_bind,deny,deny,deny,allow,deny,deny,conditional,tenant,yes,knowledge_application_service,bind_foreign_unscanned_or_changed_object
KNOWLEDGE_VERSION_DOWNLOAD,knowledge_version,download_object,conditional,conditional,conditional,allow,conditional,deny,allow,tenant_and_asset_model_scope,no,knowledge_query_service,download_unpublished_revoked_or_cross_tenant_object
KNOWLEDGE_REVIEW,knowledge_review,review,deny,deny,deny,allow,deny,deny,conditional,tenant,yes,knowledge_application_service,author_self_publish_without_policy
KNOWLEDGE_PUBLISH,knowledge_version,publish_revoke,deny,deny,deny,allow,deny,deny,conditional,tenant,yes,knowledge_application_service,non_admin_publish_or_stale_version
SLA_READ,reporting_sla,read,allow,conditional,allow,deny,conditional,deny,allow,assigned_org_or_self,no,reporting_query_service,cross_scope_metric
AUDIT_READ,audit_log,read,conditional,deny,deny,deny,deny,deny,allow,tenant_or_assigned_org,yes,audit_query_service,non_auditor_log_read
AUDIT_EXPORT,audit_log,export,deny,deny,deny,deny,deny,deny,conditional,tenant_or_assigned_org,yes,audit_export_service,export_without_reason
AI_TRIAGE_REQUEST,ai_triage,request,deny,deny,allow,deny,deny,deny,conditional,visible_work_order,no,ai_integration_service,request_for_hidden_work_order
AI_ANSWER_REQUEST,ai_answer,request,conditional,conditional,allow,conditional,conditional,deny,allow,visible_asset_and_work_order,no,ai_integration_service,cross_tenant_retrieval
AI_EVAL_RUN,ai_evaluation,start_view,deny,deny,deny,conditional,deny,deny,conditional,tenant,yes,ai_integration_and_ai_service,ordinary_user_start_eval
CONTACT_PII_VIEW,reporter_contact,view_unmasked,conditional,deny,conditional,deny,conditional,conditional,conditional,need_to_know_work_order,yes,workorder_query_projection,bulk_or_unrelated_contact_read
